product_id,product_name,category,price,currency,created_at
1,Street,fashion,119.71,EUR,2024-10-04
2,New,home,460.85,EUR,2024-07-30
3,General,home,339.85,EUR,2024-09-03
4,Understand,electronics,35.08,EUR,2025-12-24
5,Arm,home,458.97,EUR,2025-03-07
6,Father,sports,448.45,EUR,2025-05-02
7,Yourself,home,71.93,EUR,2025-11-08
8,Position,sports,378.31,EUR,2025-05-17
9,A,electronics,94.66,EUR,2024-09-28
10,Southern,books,294.35,EUR,2025-10-31
11,Believe,books,451.87,EUR,2025-12-22
12,Major,home,387.13,EUR,2026-01-06
13,A,home,159.93,EUR,2024-12-04
14,View,electronics,377.02,EUR,2024-07-30
15,Inside,sports,394.33,EUR,2024-03-21
16,Memory,electronics,291.84,EUR,2024-03-01
17,Almost,books,11.61,EUR,2024-12-22
18,Do,electronics,401.76,EUR,2024-03-07
19,Level,fashion,366.67,EUR,2024-04-27
20,President,sports,15.63,EUR,2024-09-27
21,Third,books,128.98,EUR,2025-10-25
22,Open,sports,232.52,EUR,2024-03-24
23,Quickly,books,234.11,EUR,2025-03-03
24,To,electronics,15.15,EUR,2024-04-11
25,Organization,home,322.1,EUR,2025-06-21
26,Inside,sports,414.6,EUR,2024-11-10
27,Cause,home,231.59,EUR,2024-07-21
28,Station,fashion,457.02,EUR,2025-09-26
29,Population,books,161.88,EUR,2025-05-30
30,Upon,fashion,477.26,EUR,2024-10-21
31,Just,electronics,168.85,EUR,2024-02-26
32,Later,fashion,476.21,EUR,2025-11-23
33,Able,electronics,181.54,EUR,2025-12-18
34,Choose,books,487.27,EUR,2024-05-17
35,Tree,books,121.36,EUR,2024-06-14
36,Drive,electronics,348.81,EUR,2024-10-04
37,What,home,436.86,EUR,2024-11-08
38,Perform,sports,64.24,EUR,2024-12-04
39,Action,electronics,84.08,EUR,2024-09-15
40,Young,electronics,52.48,EUR,2024-09-17
41,Return,electronics,63.95,EUR,2024-05-03
42,Tonight,books,492.14,EUR,2025-08-26
43,He,home,223.5,EUR,2025-05-13
44,Student,fashion,27.16,EUR,2025-07-02
45,Word,fashion,136.79,EUR,2024-10-21
46,Figure,sports,299.41,EUR,2026-01-16
47,Scientist,sports,77.07,EUR,2025-11-14
48,Into,fashion,397.16,EUR,2025-12-29
49,Rich,sports,178.9,EUR,2024-04-14
50,Movie,fashion,54.11,EUR,2025-10-15
51,Charge,sports,120.8,EUR,2025-11-23
52,Skin,home,69.84,EUR,2024-11-23
53,Chance,books,339.49,EUR,2024-06-08
54,Method,fashion,130.35,EUR,2024-04-12
55,Above,sports,469.6,EUR,2024-04-25
56,Less,electronics,20.52,EUR,2025-03-09
57,Require,fashion,299.07,EUR,2024-02-03
58,Food,books,438.35,EUR,2024-10-16
59,Treatment,fashion,283.22,EUR,2025-01-30
60,Movement,sports,289.45,EUR,2025-11-30
61,Civil,books,259.12,EUR,2025-12-04
62,Girl,fashion,285.33,EUR,2025-10-25
63,Structure,books,28.79,EUR,2024-10-06
64,Film,sports,29.75,EUR,2025-02-09
65,Trouble,fashion,36.41,EUR,2024-03-29
66,Scene,home,432.03,EUR,2025-09-01
67,Back,electronics,153.69,EUR,2025-08-31
68,Chance,fashion,158.04,EUR,2025-03-30
69,Now,electronics,210.49,EUR,2024-08-23
70,Possible,home,37.66,EUR,2025-06-06
71,Husband,sports,242.33,EUR,2025-01-16
72,Affect,fashion,239.49,EUR,2024-11-04
73,Follow,sports,281.13,EUR,2024-10-19
74,Me,home,442.53,EUR,2024-04-10
75,Forward,home,245.33,EUR,2024-07-09
76,Newspaper,fashion,100.29,EUR,2024-09-02
77,Assume,books,167.73,EUR,2024-04-12
78,Outside,home,223.3,EUR,2025-03-04
79,System,sports,356.59,EUR,2024-04-07
80,Citizen,fashion,241.02,EUR,2025-09-01
81,List,fashion,319.18,EUR,2024-08-16
82,Explain,fashion,484.17,EUR,2025-03-04
83,Usually,home,148.88,EUR,2025-04-24
84,Leg,home,136.87,EUR,2024-12-01
85,Common,electronics,339.8,EUR,2025-07-11
86,Oil,home,173.36,EUR,2024-10-03
87,Even,home,134.83,EUR,2025-01-20
88,Never,sports,303.6,EUR,2026-01-31
89,Blue,electronics,34.83,EUR,2026-01-15
90,Word,fashion,326.36,EUR,2026-01-17
91,Ability,home,481.51,EUR,2025-10-25
92,Race,electronics,192.06,EUR,2024-05-27
93,Space,electronics,377.15,EUR,2025-03-03
94,Share,fashion,165.19,EUR,2025-03-07
95,Local,electronics,396.37,EUR,2025-11-21
96,Option,fashion,61.53,EUR,2024-03-14
97,Much,sports,413.85,EUR,2025-01-27
98,Get,fashion,374.71,EUR,2024-05-02
99,Expert,books,287.71,EUR,2024-03-04
100,History,sports,280.64,EUR,2025-03-21
101,Event,fashion,376.62,EUR,2025-04-21
102,Next,sports,124.32,EUR,2025-05-03
103,Space,fashion,335.28,EUR,2025-05-17
104,Too,sports,497.05,EUR,2024-06-01
105,Ok,sports,407.28,EUR,2024-08-14
106,Special,fashion,137.08,EUR,2025-09-18
107,Thank,electronics,252.18,EUR,2025-06-09
108,Off,fashion,77.1,EUR,2024-08-25
109,Discover,electronics,115.33,EUR,2025-10-14
110,Leader,sports,251.1,EUR,2025-04-20
111,War,fashion,65.67,EUR,2024-09-01
112,Level,electronics,290.59,EUR,2024-09-21
113,Citizen,fashion,54.99,EUR,2025-01-16
114,Much,fashion,289.26,EUR,2024-10-12
115,Customer,sports,33.69,EUR,2024-10-25
116,Financial,home,33.56,EUR,2024-11-18
117,Weight,electronics,33.75,EUR,2024-11-15
118,Letter,sports,492.2,EUR,2025-12-09
119,Idea,books,238.11,EUR,2024-07-18
120,Than,electronics,11.14,EUR,2025-05-01
121,Cup,sports,125.94,EUR,2024-07-23
122,Full,sports,400.53,EUR,2024-10-24
123,Her,sports,38.8,EUR,2025-07-07
124,Second,sports,490.66,EUR,2024-03-16
125,Rule,home,63.47,EUR,2025-10-01
126,Lay,sports,307.15,EUR,2025-01-04
127,Either,home,445.13,EUR,2025-06-06
128,Financial,sports,368.83,EUR,2024-09-23
129,This,home,413.36,EUR,2025-11-18
130,Situation,fashion,124.34,EUR,2025-06-01
131,Owner,fashion,158.76,EUR,2025-09-18
132,Able,sports,295.16,EUR,2024-09-28
133,Those,electronics,87.1,EUR,2024-02-16
134,How,home,235.24,EUR,2025-07-28
135,Expect,home,182.55,EUR,2026-01-28
136,Edge,electronics,415.02,EUR,2024-07-24
137,Administration,fashion,207.69,EUR,2024-03-19
138,Risk,books,494.61,EUR,2024-02-24
139,End,books,46.45,EUR,2025-09-14
140,Sport,sports,145.45,EUR,2024-11-23
141,Give,books,332.79,EUR,2025-03-29
142,Enjoy,fashion,368.83,EUR,2024-08-20
143,Stay,electronics,413.75,EUR,2025-07-19
144,Writer,electronics,194.94,EUR,2025-04-07
145,Increase,books,253.73,EUR,2025-03-13
146,Call,electronics,223.35,EUR,2025-04-18
147,Around,electronics,39.61,EUR,2024-07-19
148,Ability,sports,435.35,EUR,2024-12-03
149,Together,home,123.25,EUR,2025-06-13
150,Will,fashion,365.34,EUR,2024-04-08
151,Executive,fashion,333.01,EUR,2025-09-17
152,Discuss,electronics,450.86,EUR,2025-10-20
153,Course,books,461.42,EUR,2025-01-23
154,Factor,fashion,48.97,EUR,2024-04-30
155,Become,books,416.41,EUR,2025-11-03
156,Hour,fashion,405.83,EUR,2024-12-19
157,Because,electronics,242.84,EUR,2025-11-03
158,Throw,home,356.88,EUR,2024-10-16
159,Work,electronics,477.53,EUR,2025-01-21
160,Site,books,258.13,EUR,2024-11-03
161,Know,electronics,398.03,EUR,2024-02-19
162,Religious,fashion,39.05,EUR,2025-03-07
163,Get,electronics,26.94,EUR,2025-03-14
164,Man,electronics,73.84,EUR,2024-02-13
165,Will,sports,286.26,EUR,2024-11-01
166,Crime,electronics,270.13,EUR,2024-09-30
167,Pressure,electronics,185.49,EUR,2024-03-29
168,Month,fashion,408.74,EUR,2024-05-05
169,Night,books,227.41,EUR,2025-04-05
170,Rule,fashion,136.22,EUR,2024-09-03
171,Which,sports,284.37,EUR,2025-03-28
172,Former,fashion,267.73,EUR,2024-05-10
173,Sister,books,99.12,EUR,2024-11-13
174,Society,electronics,189.13,EUR,2024-09-28
175,Mr,fashion,224.34,EUR,2025-05-26
176,Case,sports,163.52,EUR,2024-09-15
177,Benefit,sports,326.95,EUR,2025-07-20
178,Cup,electronics,152.87,EUR,2024-11-25
179,Home,home,457.83,EUR,2024-07-02
180,Pattern,electronics,37.51,EUR,2024-07-06
181,Both,fashion,234.6,EUR,2025-01-26
182,Body,electronics,295.77,EUR,2024-06-05
183,Difficult,home,230.26,EUR,2025-06-27
184,Buy,electronics,252.93,EUR,2025-08-06
185,Sport,home,345.22,EUR,2024-12-26
186,Page,electronics,103.72,EUR,2025-05-25
187,Huge,books,250.21,EUR,2025-10-17
188,Skin,fashion,408.11,EUR,2026-01-24
189,Study,fashion,213.32,EUR,2025-09-14
190,Network,sports,368.02,EUR,2024-12-11
191,Attorney,fashion,86.79,EUR,2025-09-13
192,Really,books,172.89,EUR,2026-01-01
193,Those,sports,361.21,EUR,2025-01-18
194,Parent,home,11.47,EUR,2024-10-11
195,Full,books,347.85,EUR,2025-06-01
196,Authority,electronics,482.46,EUR,2024-10-15
197,Interview,sports,196.45,EUR,2024-03-29
198,For,fashion,443.67,EUR,2025-04-07
199,Art,home,255.28,EUR,2025-06-03
200,Would,sports,28.05,EUR,2024-10-06
201,Player,electronics,435.37,EUR,2025-09-13
202,System,books,301.16,EUR,2025-10-18
203,However,home,320.03,EUR,2026-01-20
204,Season,home,479.6,EUR,2025-12-10
205,Movie,sports,252.57,EUR,2025-03-29
206,Range,books,401.2,EUR,2025-07-12
207,Imagine,fashion,93.96,EUR,2024-03-09
208,All,electronics,266.22,EUR,2024-03-16
209,Democrat,fashion,260.98,EUR,2025-06-12
210,Down,electronics,281.22,EUR,2024-07-12
211,Side,electronics,159.91,EUR,2025-12-04
212,Ok,home,392.05,EUR,2025-03-19
213,Would,fashion,158.23,EUR,2024-03-16
214,Deal,home,281.67,EUR,2025-01-20
215,Budget,electronics,77.14,EUR,2025-10-14
216,Day,electronics,359.61,EUR,2025-07-12
217,Indicate,fashion,401.12,EUR,2025-03-22
218,Science,books,174.58,EUR,2026-01-29
219,Traditional,home,308.42,EUR,2025-09-28
220,Something,home,143.62,EUR,2025-06-07
221,Order,fashion,344.01,EUR,2024-09-04
222,Lead,sports,409.4,EUR,2024-11-17
223,Fly,sports,135.14,EUR,2024-02-28
224,Dinner,electronics,145.0,EUR,2024-07-22
225,Audience,home,60.04,EUR,2025-03-12
226,Deep,sports,114.66,EUR,2024-07-20
227,Management,home,473.35,EUR,2024-07-01
228,Art,home,307.06,EUR,2024-09-20
229,See,electronics,462.85,EUR,2024-02-07
230,Develop,sports,404.24,EUR,2025-09-24
231,Head,books,145.5,EUR,2024-03-07
232,He,books,154.61,EUR,2025-01-09
233,State,sports,403.66,EUR,2025-07-30
234,Shake,electronics,144.97,EUR,2024-06-18
235,Have,electronics,166.68,EUR,2025-08-22
236,Ten,fashion,135.5,EUR,2025-04-07
237,Exactly,sports,475.26,EUR,2024-11-01
238,Perhaps,books,266.68,EUR,2024-05-29
239,Talk,sports,130.74,EUR,2024-02-10
240,Population,books,410.86,EUR,2025-10-29
241,Blood,home,305.95,EUR,2024-08-09
242,Example,fashion,34.94,EUR,2025-02-19
243,Simply,electronics,40.25,EUR,2025-04-08
244,Question,home,75.91,EUR,2025-08-30
245,Father,electronics,181.56,EUR,2025-08-19
246,Green,sports,474.89,EUR,2025-07-22
247,Start,sports,251.97,EUR,2024-02-13
248,Clearly,books,368.53,EUR,2025-12-14
249,Adult,home,143.81,EUR,2025-02-14
250,Member,home,199.0,EUR,2025-02-06
251,Bad,electronics,109.9,EUR,2024-04-28
252,Upon,electronics,348.52,EUR,2024-12-01
253,Degree,sports,192.47,EUR,2026-01-16
254,Action,sports,235.12,EUR,2025-11-23
255,Number,electronics,261.11,EUR,2025-11-03
256,Letter,home,83.84,EUR,2025-01-06
257,Begin,fashion,88.44,EUR,2024-03-10
258,Those,electronics,143.38,EUR,2025-11-03
259,Fight,home,321.1,EUR,2024-09-12
260,Again,sports,157.36,EUR,2024-06-30
261,Common,home,286.58,EUR,2025-12-19
262,Wait,books,344.61,EUR,2024-05-11
263,Near,books,288.96,EUR,2025-02-06
264,Next,home,132.09,EUR,2024-11-26
265,Opportunity,books,61.68,EUR,2025-12-27
266,Hold,home,243.67,EUR,2024-04-15
267,Something,electronics,21.88,EUR,2026-01-11
268,Center,books,301.07,EUR,2025-08-24
269,Language,electronics,32.0,EUR,2024-07-21
270,House,sports,208.44,EUR,2025-10-16
271,Imagine,home,225.73,EUR,2024-05-30
272,Give,sports,130.87,EUR,2025-05-03
273,Fact,sports,401.5,EUR,2025-12-08
274,Only,home,109.85,EUR,2025-01-05
275,Old,books,184.5,EUR,2024-08-06
276,Toward,books,195.42,EUR,2025-01-30
277,Book,home,364.89,EUR,2025-09-25
278,Next,electronics,40.06,EUR,2024-03-13
279,Maybe,home,170.48,EUR,2026-01-22
280,Rise,sports,137.05,EUR,2024-05-25
281,Approach,books,365.93,EUR,2025-10-27
282,Three,electronics,179.12,EUR,2024-03-03
283,Management,books,386.97,EUR,2025-09-29
284,He,books,453.95,EUR,2025-04-04
285,Sea,electronics,270.41,EUR,2025-07-03
286,Budget,home,390.18,EUR,2025-07-01
287,Space,home,335.71,EUR,2024-11-08
288,Avoid,sports,17.11,EUR,2024-11-21
289,Lead,fashion,141.87,EUR,2025-09-15
290,Maintain,electronics,414.17,EUR,2024-04-17
291,Whose,fashion,60.73,EUR,2024-07-05
292,Suggest,electronics,143.01,EUR,2024-06-22
293,Person,electronics,373.32,EUR,2024-07-05
294,Keep,electronics,70.04,EUR,2025-04-04
295,From,books,302.01,EUR,2024-07-29
296,Maintain,sports,360.64,EUR,2024-02-19
297,Capital,electronics,326.48,EUR,2025-03-24
298,Hope,electronics,268.81,EUR,2024-12-17
299,Husband,electronics,392.36,EUR,2026-02-02
300,Operation,books,363.98,EUR,2025-10-15
301,Reveal,sports,491.77,EUR,2025-11-26
302,Economic,fashion,268.16,EUR,2025-07-17
303,Firm,sports,246.21,EUR,2025-10-13
304,Leg,books,86.57,EUR,2025-08-27
305,Value,books,16.92,EUR,2024-03-05
306,Example,fashion,397.39,EUR,2024-08-30
307,Even,fashion,172.49,EUR,2025-06-13
308,Really,home,285.73,EUR,2025-02-14
309,Skin,books,76.18,EUR,2025-05-19
310,If,fashion,135.8,EUR,2025-12-13
311,Become,fashion,87.4,EUR,2025-11-27
312,Rest,fashion,123.2,EUR,2025-03-08
313,Stay,fashion,216.65,EUR,2025-10-23
314,Various,fashion,463.2,EUR,2025-03-01
315,Good,sports,396.87,EUR,2025-04-12
316,Believe,home,315.95,EUR,2025-01-28
317,First,home,454.62,EUR,2025-09-18
318,Particularly,home,73.46,EUR,2024-02-22
319,Who,electronics,499.89,EUR,2024-12-04
320,Grow,electronics,495.08,EUR,2024-08-02
321,Always,sports,333.86,EUR,2025-07-18
322,After,fashion,66.28,EUR,2025-05-29
323,Middle,electronics,360.73,EUR,2024-04-28
324,Heavy,electronics,476.81,EUR,2026-01-06
325,Cut,home,176.41,EUR,2025-04-18
326,Half,electronics,331.28,EUR,2024-02-28
327,Turn,books,179.99,EUR,2025-03-07
328,Medical,fashion,395.02,EUR,2025-10-09
329,Group,fashion,440.08,EUR,2025-01-06
330,Address,electronics,79.56,EUR,2024-09-06
331,Garden,fashion,35.5,EUR,2025-08-16
332,Service,electronics,169.51,EUR,2024-12-23
333,Leader,electronics,145.31,EUR,2024-09-17
334,Certainly,electronics,43.99,EUR,2024-05-10
335,Mother,electronics,478.92,EUR,2024-09-26
336,Per,books,87.81,EUR,2025-01-15
337,Far,electronics,168.33,EUR,2024-12-11
338,Who,electronics,221.42,EUR,2024-10-25
339,Say,electronics,108.17,EUR,2025-04-07
340,Instead,sports,403.17,EUR,2024-05-09
341,Current,home,215.81,EUR,2025-07-18
342,Fill,books,316.96,EUR,2025-01-15
343,Could,electronics,391.99,EUR,2024-05-15
344,Bed,fashion,308.46,EUR,2024-09-21
345,Various,sports,425.38,EUR,2025-01-06
346,Stop,fashion,285.46,EUR,2024-11-13
347,Weight,fashion,389.33,EUR,2025-02-12
348,Teach,electronics,41.22,EUR,2024-09-16
349,Chance,books,485.84,EUR,2024-07-30
350,Accept,fashion,395.82,EUR,2025-06-03
351,Form,sports,345.71,EUR,2025-09-04
352,Western,electronics,42.15,EUR,2025-04-19
353,Then,sports,64.5,EUR,2024-05-23
354,Ability,fashion,295.2,EUR,2025-03-11
355,Free,home,196.35,EUR,2025-11-20
356,Or,books,134.01,EUR,2024-12-05
357,Deal,fashion,364.87,EUR,2025-11-16
358,This,electronics,257.87,EUR,2024-12-11
359,Others,books,452.82,EUR,2025-07-24
360,Foreign,home,76.11,EUR,2024-12-01
361,Room,sports,223.91,EUR,2025-01-28
362,Language,sports,212.89,EUR,2025-09-20
363,Fly,sports,276.68,EUR,2024-11-15
364,Professor,home,487.48,EUR,2025-08-29
365,Participant,books,294.3,EUR,2025-06-05
366,Structure,electronics,368.26,EUR,2024-12-21
367,Realize,sports,426.73,EUR,2024-02-12
368,Ground,fashion,197.12,EUR,2025-12-09
369,Method,home,310.3,EUR,2025-07-10
370,Mrs,books,378.51,EUR,2024-10-31
371,Heavy,home,256.5,EUR,2024-05-10
372,Office,sports,236.88,EUR,2025-04-29
373,Glass,electronics,175.54,EUR,2024-11-14
374,Voice,home,224.85,EUR,2024-05-09
375,Hot,books,267.61,EUR,2024-04-22
376,Difficult,electronics,351.68,EUR,2024-02-15
377,Address,home,212.0,EUR,2024-06-17
378,Serious,home,61.22,EUR,2025-07-13
379,Leader,books,11.71,EUR,2025-10-24
380,Vote,books,399.69,EUR,2025-02-27
381,Kitchen,books,284.57,EUR,2025-06-01
382,Radio,home,432.11,EUR,2024-10-03
383,Push,sports,462.06,EUR,2024-12-31
384,Final,books,366.91,EUR,2024-03-06
385,Stock,electronics,87.55,EUR,2024-05-03
386,Degree,electronics,308.72,EUR,2024-03-01
387,Technology,sports,438.21,EUR,2024-12-19
388,Fight,books,498.56,EUR,2024-02-20
389,Red,fashion,420.96,EUR,2024-11-22
390,Manage,electronics,466.82,EUR,2024-06-13
391,Lawyer,fashion,249.8,EUR,2025-07-11
392,Knowledge,sports,384.62,EUR,2024-04-23
393,Character,fashion,173.62,EUR,2025-10-29
394,All,fashion,75.91,EUR,2024-02-12
395,Film,electronics,365.38,EUR,2024-07-18
396,Along,electronics,81.28,EUR,2025-09-28
397,Mission,fashion,463.12,EUR,2025-10-18
398,Identify,home,46.98,EUR,2024-02-24
399,State,electronics,407.0,EUR,2024-10-23
400,Ten,fashion,440.19,EUR,2025-04-13
401,Fear,books,176.49,EUR,2025-06-14
402,Move,fashion,92.65,EUR,2024-11-30
403,Gas,fashion,258.07,EUR,2025-07-13
404,Born,sports,58.84,EUR,2025-10-03
405,Time,home,255.83,EUR,2024-02-16
406,Ball,sports,182.83,EUR,2024-07-20
407,Us,electronics,495.51,EUR,2024-04-28
408,Paper,home,43.61,EUR,2026-01-06
409,Drug,sports,120.15,EUR,2025-10-29
410,Doctor,electronics,260.27,EUR,2024-10-03
411,Voice,books,271.11,EUR,2025-08-12
412,When,sports,99.36,EUR,2025-07-21
413,Project,electronics,60.81,EUR,2025-10-09
414,Visit,sports,476.75,EUR,2025-08-14
415,Field,sports,404.34,EUR,2024-09-15
416,Old,home,446.56,EUR,2024-10-06
417,Matter,fashion,291.82,EUR,2025-12-15
418,Need,fashion,379.36,EUR,2025-08-23
419,Personal,electronics,202.58,EUR,2026-01-23
420,Occur,electronics,444.31,EUR,2025-01-15
421,Mean,home,177.81,EUR,2024-11-14
422,Food,sports,273.15,EUR,2025-02-24
423,When,books,353.5,EUR,2025-09-04
424,Daughter,home,361.27,EUR,2025-12-28
425,Spend,home,219.85,EUR,2024-11-14
426,Fear,home,135.06,EUR,2025-01-10
427,Middle,electronics,271.31,EUR,2025-10-11
428,City,sports,405.18,EUR,2025-08-02
429,Tv,fashion,267.16,EUR,2024-11-30
430,Cup,fashion,35.6,EUR,2024-11-24
431,Expert,home,227.23,EUR,2024-05-26
432,First,fashion,72.01,EUR,2025-05-29
433,Seat,electronics,322.01,EUR,2024-05-10
434,Role,electronics,303.77,EUR,2025-05-08
435,Certainly,sports,320.72,EUR,2025-08-30
436,Yet,sports,127.02,EUR,2024-12-11
437,Several,books,336.45,EUR,2024-03-22
438,Chance,sports,260.21,EUR,2024-03-23
439,Summer,books,379.49,EUR,2024-04-30
440,Half,books,216.9,EUR,2025-09-29
441,Report,electronics,181.98,EUR,2026-01-21
442,Continue,fashion,479.93,EUR,2024-11-23
443,Candidate,sports,457.43,EUR,2024-12-24
444,Still,electronics,350.38,EUR,2025-03-31
445,Culture,sports,47.11,EUR,2025-11-09
446,Security,fashion,184.62,EUR,2025-11-12
447,Reduce,sports,300.89,EUR,2025-02-22
448,Staff,electronics,345.73,EUR,2025-08-30
449,Mrs,electronics,208.41,EUR,2024-10-27
450,Head,home,320.25,EUR,2025-12-09
451,Room,sports,249.28,EUR,2025-02-08
452,Few,electronics,177.0,EUR,2025-06-03
453,None,books,121.24,EUR,2025-10-18
454,Pretty,home,141.59,EUR,2026-01-11
455,Face,books,382.13,EUR,2025-07-21
456,Drive,electronics,402.91,EUR,2025-02-06
457,Reality,books,237.72,EUR,2025-04-07
458,Watch,sports,231.5,EUR,2024-08-30
459,Inside,sports,346.74,EUR,2025-10-04
460,Set,fashion,236.12,EUR,2024-05-09
461,Window,home,136.0,EUR,2024-11-11
462,Four,home,452.26,EUR,2024-05-30
463,Then,fashion,53.72,EUR,2024-11-12
464,Provide,sports,430.94,EUR,2024-06-19
465,Black,books,440.01,EUR,2025-09-06
466,Exactly,home,87.92,EUR,2025-02-07
467,Energy,fashion,69.78,EUR,2024-09-07
468,Guess,electronics,330.45,EUR,2024-04-19
469,Participant,sports,206.2,EUR,2024-02-07
470,Direction,books,285.6,EUR,2024-07-11
471,Like,fashion,192.15,EUR,2025-12-23
472,Structure,home,264.72,EUR,2024-09-20
473,Sell,electronics,240.95,EUR,2025-12-17
474,Enough,fashion,294.93,EUR,2025-11-16
475,Drop,home,179.93,EUR,2024-07-30
476,Majority,books,31.82,EUR,2024-10-29
477,Only,home,231.14,EUR,2024-05-31
478,Authority,sports,442.32,EUR,2024-07-06
479,Really,books,190.96,EUR,2025-05-11
480,Involve,books,27.26,EUR,2024-12-24
481,So,sports,342.57,EUR,2025-07-29
482,Free,books,273.85,EUR,2025-10-13
483,Treat,sports,150.33,EUR,2025-11-23
484,Very,books,176.92,EUR,2025-12-10
485,Close,fashion,132.2,EUR,2024-04-17
486,World,sports,181.84,EUR,2025-12-06
487,Their,electronics,329.23,EUR,2025-06-08
488,Down,home,145.04,EUR,2025-08-23
489,Born,sports,496.35,EUR,2025-08-22
490,Make,electronics,213.02,EUR,2025-08-25
491,Successful,home,435.57,EUR,2025-08-31
492,Billion,books,418.11,EUR,2025-08-16
493,Open,home,368.25,EUR,2025-02-02
494,Run,fashion,274.91,EUR,2025-09-13
495,Behavior,home,295.92,EUR,2024-11-05
496,Pass,home,389.11,EUR,2024-03-10
497,Become,books,354.05,EUR,2024-04-16
498,You,sports,156.09,EUR,2024-09-17
499,Space,sports,319.12,EUR,2025-08-18
500,In,home,181.45,EUR,2024-10-31
501,Rather,books,226.14,EUR,2025-03-12
502,Including,electronics,370.42,EUR,2024-10-28
503,Line,electronics,72.48,EUR,2024-04-29
504,Bit,books,122.59,EUR,2025-08-30
505,Executive,sports,279.04,EUR,2024-08-21
506,Buy,fashion,366.82,EUR,2025-10-16
507,Owner,fashion,442.95,EUR,2025-06-01
508,Knowledge,sports,154.92,EUR,2025-01-05
509,Develop,electronics,31.11,EUR,2025-11-09
510,Establish,home,199.81,EUR,2025-07-29
511,Three,electronics,230.46,EUR,2025-07-11
512,Analysis,books,114.09,EUR,2024-12-17
513,Message,sports,335.07,EUR,2025-08-30
514,Control,fashion,209.76,EUR,2025-02-09
515,Job,fashion,340.51,EUR,2024-07-04
516,Blood,fashion,72.06,EUR,2025-08-07
517,Agree,home,499.48,EUR,2024-10-20
518,Glass,books,239.29,EUR,2025-08-03
519,Specific,books,75.64,EUR,2024-09-30
520,This,home,10.78,EUR,2024-08-24
521,Theory,electronics,15.4,EUR,2024-10-17
522,Arm,fashion,409.65,EUR,2025-06-11
523,Sure,sports,443.63,EUR,2026-01-19
524,Rest,fashion,465.34,EUR,2025-11-02
525,True,home,19.15,EUR,2025-11-01
526,Industry,electronics,448.49,EUR,2026-01-14
527,Sea,books,297.78,EUR,2025-09-06
528,Drop,electronics,300.27,EUR,2024-06-21
529,Put,fashion,43.57,EUR,2025-07-17
530,Partner,fashion,467.7,EUR,2025-11-04
531,Myself,sports,132.38,EUR,2025-08-28
532,Somebody,books,215.51,EUR,2025-05-29
533,Rather,electronics,467.03,EUR,2024-02-21
534,Example,home,441.74,EUR,2025-02-23
535,Store,electronics,98.39,EUR,2025-07-12
536,Read,electronics,102.78,EUR,2025-02-04
537,Our,sports,12.4,EUR,2025-12-17
538,Position,electronics,409.37,EUR,2025-01-26
539,Often,sports,37.53,EUR,2025-02-11
540,Build,fashion,227.95,EUR,2025-01-26
541,Seem,sports,135.49,EUR,2025-07-31
542,Research,home,368.75,EUR,2024-03-22
543,Teach,electronics,262.21,EUR,2025-10-14
544,Car,home,471.16,EUR,2025-04-23
545,Main,home,315.91,EUR,2024-08-11
546,Shoulder,sports,164.97,EUR,2024-09-14
547,Look,fashion,66.02,EUR,2025-12-25
548,Kid,books,279.39,EUR,2024-04-28
549,Force,books,263.21,EUR,2024-03-07
550,Although,sports,423.63,EUR,2024-04-03
551,Class,home,360.08,EUR,2024-03-05
552,Us,home,212.57,EUR,2025-05-31
553,End,fashion,429.18,EUR,2025-08-24
554,Pm,fashion,58.6,EUR,2024-06-30
555,Though,sports,380.69,EUR,2024-12-20
556,Response,home,25.87,EUR,2025-12-17
557,Long,fashion,218.37,EUR,2024-10-30
558,Free,books,254.25,EUR,2024-05-05
559,Camera,fashion,375.0,EUR,2024-03-14
560,Budget,books,12.74,EUR,2024-04-09
561,Seven,electronics,325.72,EUR,2025-12-06
562,Second,home,147.11,EUR,2024-06-23
563,These,home,183.07,EUR,2024-05-02
564,Father,electronics,83.08,EUR,2025-01-16
565,Result,home,52.66,EUR,2025-06-09
566,For,fashion,338.03,EUR,2024-05-12
567,Choice,electronics,120.59,EUR,2025-01-16
568,Behavior,sports,291.26,EUR,2024-09-04
569,Each,books,387.71,EUR,2025-01-09
570,Stop,electronics,301.68,EUR,2024-04-19
571,By,home,321.93,EUR,2024-09-29
572,Financial,books,311.59,EUR,2024-02-10
573,Laugh,books,138.63,EUR,2025-04-27
574,Standard,home,242.09,EUR,2024-09-25
575,Certainly,books,60.47,EUR,2024-04-30
576,Himself,fashion,427.38,EUR,2025-07-27
577,Join,home,273.91,EUR,2026-01-23
578,Meet,electronics,34.1,EUR,2025-12-25
579,Somebody,electronics,403.37,EUR,2025-08-13
580,Catch,electronics,12.28,EUR,2025-05-19
581,Foreign,books,404.21,EUR,2024-08-25
582,Human,sports,207.88,EUR,2025-12-18
583,Floor,fashion,85.31,EUR,2024-07-17
584,Significant,home,478.75,EUR,2024-11-09
585,Imagine,sports,189.15,EUR,2025-11-04
586,What,electronics,176.23,EUR,2024-03-04
587,Relate,sports,397.9,EUR,2024-08-24
588,Stop,home,320.61,EUR,2024-10-26
589,Young,books,59.65,EUR,2024-10-18
590,Son,home,137.01,EUR,2025-09-11
591,Really,sports,52.36,EUR,2025-12-24
592,Keep,electronics,371.15,EUR,2026-01-22
593,Probably,electronics,398.02,EUR,2025-06-26
594,Senior,home,146.47,EUR,2024-08-29
595,Role,books,418.75,EUR,2024-12-05
596,Power,books,332.03,EUR,2025-01-15
597,Wear,books,391.71,EUR,2026-01-21
598,Another,electronics,481.29,EUR,2024-09-23
599,Collection,books,85.35,EUR,2025-07-15
600,Employee,home,352.12,EUR,2024-04-11
601,Reflect,books,171.93,EUR,2025-01-25
602,Never,home,333.03,EUR,2024-03-24
603,Range,books,112.53,EUR,2024-09-11
604,Voice,home,85.65,EUR,2025-10-04
605,Administration,home,245.84,EUR,2025-07-04
606,Ability,home,497.68,EUR,2025-07-10
607,Represent,home,139.79,EUR,2024-11-01
608,Listen,electronics,77.85,EUR,2024-09-15
609,Night,books,26.42,EUR,2025-08-19
610,Themselves,electronics,381.21,EUR,2024-11-07
611,While,fashion,102.41,EUR,2025-11-18
612,Public,fashion,168.76,EUR,2026-01-18
613,Who,electronics,247.75,EUR,2024-04-12
614,Store,sports,242.93,EUR,2025-07-13
615,Nor,home,353.6,EUR,2025-04-30
616,Big,fashion,215.4,EUR,2025-02-22
617,Party,fashion,445.28,EUR,2024-02-14
618,Certainly,electronics,94.14,EUR,2024-04-03
619,Model,books,57.52,EUR,2025-05-28
620,His,home,448.17,EUR,2024-08-27
621,Maybe,electronics,22.95,EUR,2024-07-30
622,Decision,sports,456.1,EUR,2024-09-22
623,Can,electronics,174.37,EUR,2024-12-18
624,Community,fashion,300.21,EUR,2025-10-03
625,Some,electronics,179.48,EUR,2024-02-24
626,Attack,electronics,487.28,EUR,2025-03-06
627,Be,electronics,20.28,EUR,2025-04-29
628,Because,sports,421.11,EUR,2024-03-20
629,Couple,books,416.73,EUR,2024-02-14
630,Hot,electronics,93.88,EUR,2025-12-02
631,Including,fashion,13.04,EUR,2025-04-02
632,Here,books,321.08,EUR,2025-09-30
633,Natural,electronics,21.93,EUR,2024-03-29
634,Task,home,237.21,EUR,2024-09-14
635,Thousand,books,431.81,EUR,2025-04-27
636,Stop,electronics,345.32,EUR,2024-10-23
637,Bad,home,32.86,EUR,2025-07-01
638,Quality,electronics,182.35,EUR,2025-06-04
639,He,books,331.92,EUR,2025-03-12
640,Here,electronics,451.27,EUR,2024-04-24
641,Manager,electronics,165.24,EUR,2024-07-31
642,Later,sports,301.12,EUR,2024-09-02
643,Recognize,electronics,370.85,EUR,2024-07-17
644,Structure,electronics,496.32,EUR,2026-01-12
645,Figure,books,287.55,EUR,2024-10-22
646,Test,home,371.37,EUR,2025-10-08
647,Sometimes,electronics,217.12,EUR,2024-03-18
648,Act,books,472.75,EUR,2024-02-03
649,Trouble,fashion,427.4,EUR,2024-12-08
650,Action,electronics,436.45,EUR,2024-12-22
651,Strong,books,492.86,EUR,2025-05-31
652,Claim,books,99.08,EUR,2024-04-10
653,Real,fashion,280.59,EUR,2025-07-10
654,Eight,books,27.22,EUR,2024-08-25
655,Start,sports,80.95,EUR,2024-05-17
656,Visit,sports,374.94,EUR,2024-05-31
657,Call,home,416.57,EUR,2025-12-12
658,Pm,home,444.44,EUR,2025-09-28
659,Provide,sports,178.87,EUR,2025-11-24
660,Add,fashion,495.52,EUR,2024-04-11
661,Use,fashion,216.82,EUR,2025-11-26
662,Scientist,sports,266.54,EUR,2024-12-12
663,Easy,sports,460.96,EUR,2025-07-07
664,Ok,sports,394.22,EUR,2025-01-10
665,Fine,sports,487.95,EUR,2024-07-19
666,Sell,fashion,146.44,EUR,2025-09-27
667,Product,electronics,257.87,EUR,2025-01-08
668,Computer,books,184.11,EUR,2025-04-14
669,Bring,electronics,415.67,EUR,2024-03-27
670,Say,books,30.7,EUR,2025-08-18
671,Similar,home,343.35,EUR,2025-02-10
672,Apply,sports,125.35,EUR,2024-03-19
673,Month,sports,351.78,EUR,2024-06-10
674,He,fashion,131.62,EUR,2024-02-29
675,No,electronics,32.06,EUR,2025-02-01
676,Do,books,137.16,EUR,2024-06-02
677,Degree,electronics,35.25,EUR,2025-10-26
678,Detail,electronics,90.86,EUR,2024-04-20
679,Gun,fashion,464.43,EUR,2025-06-22
680,Me,books,131.03,EUR,2024-09-14
681,Since,electronics,388.83,EUR,2025-01-29
682,Their,sports,408.8,EUR,2025-04-24
683,Who,sports,11.35,EUR,2024-02-12
684,Seven,home,431.74,EUR,2025-03-25
685,Follow,fashion,121.2,EUR,2025-04-26
686,Husband,books,458.5,EUR,2025-12-12
687,Camera,fashion,451.93,EUR,2025-11-03
688,Skin,electronics,402.05,EUR,2025-01-11
689,Sea,books,133.86,EUR,2025-03-28
690,Away,electronics,155.6,EUR,2026-01-07
691,Present,fashion,123.35,EUR,2025-12-05
692,Cut,electronics,482.46,EUR,2024-05-11
693,Firm,sports,438.89,EUR,2024-06-20
694,Up,sports,101.03,EUR,2024-05-18
695,Life,sports,14.79,EUR,2025-01-07
696,Though,books,232.37,EUR,2025-10-27
697,Gas,home,164.0,EUR,2024-08-31
698,Price,sports,346.63,EUR,2024-10-18
699,Low,fashion,276.33,EUR,2025-03-21
700,Ball,fashion,403.34,EUR,2024-02-14
701,Find,home,212.37,EUR,2025-06-22
702,Data,electronics,454.1,EUR,2024-06-23
703,Today,home,355.36,EUR,2025-03-24
704,Environmental,home,478.02,EUR,2024-12-18
705,Coach,books,232.47,EUR,2025-09-01
706,View,electronics,423.72,EUR,2024-02-20
707,Suggest,books,234.09,EUR,2024-04-16
708,Know,books,91.79,EUR,2025-03-22
709,Public,books,141.3,EUR,2024-10-19
710,Station,electronics,195.58,EUR,2024-06-10
711,Whole,sports,43.98,EUR,2025-03-24
712,Size,home,71.65,EUR,2024-09-25
713,Trip,fashion,173.57,EUR,2024-12-29
714,Organization,electronics,447.17,EUR,2025-01-08
715,Become,books,423.4,EUR,2025-07-10
716,Special,fashion,46.09,EUR,2025-12-05
717,Color,fashion,246.68,EUR,2025-10-03
718,Skin,fashion,268.8,EUR,2025-08-11
719,Produce,home,494.64,EUR,2024-05-26
720,Democratic,books,378.87,EUR,2024-08-03
721,General,fashion,19.2,EUR,2024-05-28
722,Church,electronics,273.98,EUR,2025-02-12
723,Service,electronics,284.71,EUR,2025-11-12
724,Dark,home,178.63,EUR,2025-10-16
725,Away,sports,423.89,EUR,2024-05-26
726,Herself,home,352.15,EUR,2025-08-05
727,Case,fashion,151.39,EUR,2025-01-23
728,Hundred,sports,15.76,EUR,2025-11-14
729,Establish,home,141.66,EUR,2025-05-25
730,Soldier,books,418.47,EUR,2025-03-05
731,Everything,books,324.8,EUR,2024-11-24
732,Degree,sports,458.75,EUR,2025-06-23
733,Situation,sports,378.88,EUR,2025-04-26
734,Growth,home,157.37,EUR,2025-03-10
735,Natural,electronics,193.62,EUR,2025-01-17
736,Herself,sports,463.99,EUR,2025-02-15
737,Night,sports,274.07,EUR,2024-09-20
738,Four,fashion,91.85,EUR,2024-11-22
739,Low,books,193.15,EUR,2024-05-02
740,Without,fashion,348.3,EUR,2024-07-23
741,Skill,home,340.07,EUR,2024-07-12
742,None,fashion,369.06,EUR,2024-12-07
743,Know,books,476.84,EUR,2024-09-19
744,World,sports,368.82,EUR,2026-02-01
745,Return,electronics,369.32,EUR,2024-07-05
746,Join,fashion,397.92,EUR,2025-12-28
747,Lose,sports,425.31,EUR,2025-12-07
748,Follow,fashion,21.0,EUR,2025-04-22
749,Dinner,fashion,497.02,EUR,2025-06-19
750,Camera,books,253.24,EUR,2024-10-14
751,Challenge,sports,68.38,EUR,2025-10-29
752,Pass,fashion,207.04,EUR,2024-08-16
753,Than,electronics,349.74,EUR,2025-10-26
754,Base,fashion,337.99,EUR,2024-05-21
755,Choice,electronics,382.44,EUR,2025-02-07
756,Single,home,445.78,EUR,2024-07-09
757,Conference,fashion,122.8,EUR,2024-12-18
758,Last,home,32.92,EUR,2025-06-29
759,For,fashion,438.78,EUR,2025-03-18
760,Science,home,190.08,EUR,2024-02-08
761,Machine,fashion,98.9,EUR,2024-07-12
762,Consider,sports,438.79,EUR,2024-09-08
763,Low,sports,366.73,EUR,2024-10-19
764,Although,home,319.37,EUR,2024-07-22
765,Nature,home,181.45,EUR,2024-08-08
766,Sure,sports,473.2,EUR,2024-06-28
767,Industry,fashion,197.22,EUR,2024-05-31
768,Interview,fashion,329.27,EUR,2025-12-31
769,Table,electronics,208.93,EUR,2024-06-07
770,Garden,home,393.31,EUR,2026-01-20
771,Tv,home,24.09,EUR,2025-12-11
772,View,sports,34.09,EUR,2025-06-22
773,Number,books,476.08,EUR,2025-07-25
774,Support,sports,476.08,EUR,2025-02-11
775,Magazine,fashion,38.52,EUR,2025-02-09
776,Art,books,239.2,EUR,2024-09-07
777,Option,fashion,465.37,EUR,2024-07-21
778,Kind,sports,81.04,EUR,2025-08-29
779,The,fashion,465.37,EUR,2026-01-12
780,Last,books,173.38,EUR,2025-09-10
781,Billion,home,291.94,EUR,2025-02-18
782,Face,home,77.8,EUR,2024-10-11
783,Technology,fashion,185.67,EUR,2024-11-18
784,Us,books,137.74,EUR,2024-09-22
785,Hotel,sports,16.29,EUR,2025-04-29
786,Word,home,86.31,EUR,2025-12-12
787,Similar,electronics,15.37,EUR,2025-03-31
788,Space,sports,383.74,EUR,2025-03-03
789,End,books,69.66,EUR,2024-06-18
790,Model,books,162.79,EUR,2025-07-17
791,Standard,electronics,315.69,EUR,2025-12-19
792,Above,sports,453.38,EUR,2024-10-23
793,Themselves,sports,88.7,EUR,2024-07-30
794,Hand,electronics,436.68,EUR,2025-07-19
795,He,books,222.08,EUR,2025-03-20
796,Leave,electronics,39.07,EUR,2025-11-16
797,Establish,books,258.47,EUR,2026-01-05
798,Rate,fashion,478.83,EUR,2024-11-03
799,Popular,sports,196.58,EUR,2024-02-27
800,Lot,sports,226.96,EUR,2024-02-08
801,Operation,electronics,116.56,EUR,2024-08-21
802,Raise,fashion,460.04,EUR,2025-09-30
803,Result,home,18.7,EUR,2025-06-01
804,Strong,sports,306.02,EUR,2024-02-12
805,Rate,electronics,471.61,EUR,2024-06-16
806,Democrat,fashion,185.14,EUR,2025-07-13
807,Sport,books,204.21,EUR,2026-01-16
808,Just,fashion,120.61,EUR,2025-07-19
809,Though,fashion,431.62,EUR,2025-05-12
810,World,books,110.82,EUR,2025-06-08
811,Miss,books,217.13,EUR,2024-03-24
812,Agent,electronics,103.09,EUR,2025-01-25
813,Key,fashion,226.62,EUR,2025-10-08
814,See,home,366.95,EUR,2025-10-04
815,Realize,fashion,428.88,EUR,2025-01-23
816,Quality,sports,13.1,EUR,2025-01-18
817,Team,sports,433.73,EUR,2025-02-09
818,Community,sports,290.99,EUR,2024-10-03
819,Determine,home,445.76,EUR,2025-03-14
820,Follow,sports,341.07,EUR,2025-03-21
821,Water,fashion,166.0,EUR,2024-11-02
822,Million,fashion,20.32,EUR,2025-07-25
823,Try,books,194.0,EUR,2025-12-20
824,Head,home,459.67,EUR,2025-03-11
825,Along,home,45.69,EUR,2025-05-21
826,Past,books,471.11,EUR,2025-08-05
827,Cultural,fashion,481.36,EUR,2024-06-10
828,Security,home,161.86,EUR,2025-07-26
829,Serious,fashion,29.88,EUR,2025-04-06
830,Benefit,sports,58.87,EUR,2024-04-25
831,Various,books,64.03,EUR,2025-03-14
832,Mouth,fashion,234.62,EUR,2024-07-20
833,Throw,books,436.99,EUR,2025-07-27
834,Skill,fashion,312.93,EUR,2025-11-14
835,Meet,fashion,153.42,EUR,2024-08-31
836,Stop,electronics,228.69,EUR,2024-12-21
837,Between,home,212.64,EUR,2024-12-10
838,Not,electronics,114.18,EUR,2024-03-02
839,Your,books,497.9,EUR,2024-07-17
840,People,home,453.02,EUR,2025-11-28
841,Herself,sports,202.63,EUR,2026-01-26
842,Hard,books,395.63,EUR,2025-09-01
843,Environment,electronics,471.76,EUR,2024-05-20
844,Same,electronics,30.02,EUR,2024-10-17
845,Mrs,electronics,70.48,EUR,2024-11-22
846,Important,fashion,229.34,EUR,2025-12-04
847,Energy,electronics,197.93,EUR,2024-07-11
848,Picture,sports,295.43,EUR,2025-06-01
849,Raise,sports,320.03,EUR,2024-05-29
850,Often,electronics,483.25,EUR,2025-10-21
851,Then,sports,429.88,EUR,2024-03-31
852,Or,sports,376.16,EUR,2024-07-16
853,Smile,home,152.94,EUR,2025-07-25
854,Join,home,197.78,EUR,2025-02-04
855,Accept,fashion,316.95,EUR,2025-10-05
856,Property,electronics,88.78,EUR,2025-07-08
857,Personal,electronics,54.86,EUR,2025-11-29
858,Plan,books,187.02,EUR,2025-04-16
859,Responsibility,books,68.19,EUR,2024-08-05
860,Father,sports,397.86,EUR,2025-07-17
861,Check,books,89.34,EUR,2025-09-18
862,Happy,home,35.03,EUR,2024-04-10
863,Side,home,400.73,EUR,2024-07-05
864,Car,home,153.03,EUR,2024-06-13
865,Describe,sports,334.31,EUR,2025-04-05
866,Truth,fashion,207.75,EUR,2025-12-09
867,Audience,home,418.79,EUR,2025-01-16
868,Style,sports,443.88,EUR,2025-03-30
869,Surface,fashion,144.37,EUR,2024-03-18
870,We,sports,424.68,EUR,2025-01-15
871,Of,electronics,115.7,EUR,2024-03-10
872,Real,books,155.81,EUR,2024-11-09
873,Throw,electronics,200.76,EUR,2024-06-07
874,Physical,sports,425.59,EUR,2025-08-30
875,Necessary,home,279.88,EUR,2025-09-14
876,Indeed,home,151.8,EUR,2024-05-07
877,Instead,electronics,405.63,EUR,2025-08-08
878,Build,fashion,439.08,EUR,2024-05-30
879,Available,electronics,159.28,EUR,2024-04-18
880,Wish,books,451.57,EUR,2025-07-15
881,Point,home,315.82,EUR,2025-03-13
882,Sell,electronics,241.3,EUR,2024-07-23
883,Least,books,347.63,EUR,2024-04-19
884,Heart,sports,236.83,EUR,2025-06-09
885,Property,home,349.72,EUR,2025-10-21
886,Feeling,fashion,494.96,EUR,2024-11-11
887,Skin,fashion,401.96,EUR,2024-10-19
888,Thus,books,156.51,EUR,2025-03-13
889,Work,fashion,205.46,EUR,2024-10-23
890,Few,books,493.46,EUR,2025-09-09
891,Voice,home,27.64,EUR,2025-06-01
892,None,home,145.73,EUR,2025-07-27
893,Fall,books,256.25,EUR,2024-07-05
894,Guy,fashion,79.98,EUR,2025-05-24
895,Grow,books,263.3,EUR,2024-04-23
896,Moment,books,145.91,EUR,2025-12-03
897,You,books,422.65,EUR,2025-02-27
898,Painting,home,244.49,EUR,2024-12-17
899,Turn,books,52.59,EUR,2025-06-08
900,Vote,books,491.01,EUR,2025-10-14
901,Daughter,sports,89.45,EUR,2025-10-06
902,Require,sports,312.48,EUR,2025-10-27
903,Brother,books,36.27,EUR,2024-09-07
904,Treatment,sports,238.09,EUR,2024-12-04
905,Prepare,sports,142.91,EUR,2025-10-06
906,Where,sports,270.69,EUR,2025-04-21
907,Enter,fashion,314.76,EUR,2025-07-18
908,Project,electronics,312.98,EUR,2025-02-12
909,Learn,fashion,36.13,EUR,2024-11-19
910,Perform,electronics,222.68,EUR,2024-06-15
911,Especially,home,230.8,EUR,2025-10-17
912,You,electronics,278.66,EUR,2024-03-08
913,Continue,books,396.5,EUR,2025-02-24
914,Manager,fashion,397.33,EUR,2024-07-12
915,Player,electronics,114.09,EUR,2024-09-06
916,Mr,home,201.91,EUR,2025-01-09
917,Try,electronics,406.05,EUR,2025-02-07
918,Office,fashion,97.87,EUR,2024-06-01
919,Challenge,books,168.2,EUR,2024-08-17
920,Size,home,301.53,EUR,2025-11-19
921,Four,electronics,406.96,EUR,2025-01-07
922,Maybe,sports,394.96,EUR,2024-12-12
923,Theory,sports,132.85,EUR,2024-04-30
924,Result,fashion,416.07,EUR,2025-02-24
925,Commercial,electronics,19.51,EUR,2024-10-08
926,Defense,electronics,390.28,EUR,2024-09-10
927,Indeed,electronics,213.74,EUR,2024-11-16
928,Modern,fashion,56.49,EUR,2025-03-24
929,Young,fashion,243.76,EUR,2024-10-20
930,Amount,fashion,28.69,EUR,2024-07-21
931,Pull,electronics,427.18,EUR,2024-04-29
932,Important,books,479.58,EUR,2025-01-28
933,Indicate,home,186.29,EUR,2024-12-29
934,Group,sports,409.4,EUR,2024-12-05
935,Young,fashion,130.0,EUR,2025-07-24
936,Approach,electronics,407.62,EUR,2024-02-05
937,Sea,electronics,447.3,EUR,2026-02-02
938,Poor,sports,193.58,EUR,2024-02-23
939,Spring,home,257.16,EUR,2025-10-11
940,Player,sports,492.61,EUR,2025-08-16
941,Hear,fashion,220.74,EUR,2024-04-07
942,Provide,electronics,112.92,EUR,2024-09-16
943,Vote,home,247.31,EUR,2025-12-24
944,Customer,books,69.12,EUR,2025-01-24
945,Anyone,home,243.34,EUR,2025-08-02
946,Daughter,home,45.59,EUR,2025-07-26
947,Cost,books,193.27,EUR,2024-07-28
948,Exist,electronics,176.18,EUR,2025-02-14
949,Surface,books,280.6,EUR,2025-11-09
950,New,books,93.96,EUR,2025-01-16
951,Such,fashion,184.42,EUR,2024-04-06
952,Mr,fashion,191.01,EUR,2024-10-17
953,Against,fashion,155.87,EUR,2024-09-21
954,Street,electronics,327.03,EUR,2025-03-15
955,On,books,487.76,EUR,2025-04-29
956,Issue,home,492.27,EUR,2025-01-29
957,Relationship,electronics,343.66,EUR,2026-01-15
958,Country,books,417.27,EUR,2025-06-28
959,Along,home,369.41,EUR,2024-10-17
960,Image,books,496.53,EUR,2024-02-16
961,Alone,electronics,27.93,EUR,2024-02-03
962,Present,sports,488.5,EUR,2024-04-13
963,Gas,sports,451.36,EUR,2024-05-26
964,Expert,sports,54.91,EUR,2024-05-29
965,List,electronics,348.97,EUR,2024-08-15
966,Charge,electronics,179.35,EUR,2025-01-11
967,Event,home,489.81,EUR,2025-11-11
968,Side,home,23.57,EUR,2024-07-20
969,Share,books,182.64,EUR,2025-10-03
970,Computer,fashion,35.78,EUR,2025-07-19
971,Prove,sports,93.79,EUR,2025-08-14
972,Rate,books,317.32,EUR,2026-01-27
973,Movie,home,325.87,EUR,2025-04-28
974,Gun,books,470.39,EUR,2025-09-01
975,Let,home,123.12,EUR,2025-12-13
976,Ago,electronics,145.55,EUR,2025-06-03
977,Size,electronics,310.71,EUR,2025-10-14
978,Agree,electronics,162.73,EUR,2024-11-16
979,Say,sports,429.23,EUR,2024-05-16
980,Blue,home,448.66,EUR,2024-06-20
981,Bed,home,349.39,EUR,2025-10-08
982,Season,electronics,218.83,EUR,2025-10-13
983,Occur,home,409.34,EUR,2024-05-10
984,Add,electronics,187.59,EUR,2024-12-03
985,Treatment,sports,382.69,EUR,2025-08-03
986,Produce,books,492.84,EUR,2024-03-16
987,Technology,fashion,497.93,EUR,2025-11-13
988,Yeah,books,304.13,EUR,2024-06-15
989,Woman,books,97.69,EUR,2025-06-21
990,Around,fashion,415.72,EUR,2024-02-25
991,Sell,electronics,401.58,EUR,2024-09-29
992,Word,home,107.08,EUR,2025-04-27
993,Phone,electronics,279.66,EUR,2024-12-15
994,Somebody,books,343.87,EUR,2024-10-14
995,Student,sports,404.04,EUR,2025-07-29
996,Heavy,fashion,39.33,EUR,2024-08-10
997,Short,fashion,497.28,EUR,2025-03-22
998,Play,sports,283.46,EUR,2025-04-20
999,Culture,electronics,331.0,EUR,2025-08-08
1000,Major,home,72.03,EUR,2024-06-06
